{"steps": [0.43478260869565216, 0.8695652173913043, 1.3043478260869565, 1.7391304347826086, 2.1739130434782608, 2.608695652173913, 3.0434782608695654, 3.4782608695652173, 3.9130434782608696, 4.3478260869565215, 4.782608695652174, 5.217391304347826, 5.6521739130434785, 6.086956521739131, 6.521739130434782, 6.956521739130435, 7.391304347826087, 7.826086956521739, 8.26086956521739, 8.695652173913043, 9.130434782608695, 9.565217391304348, 10.0], "total": [171.26059799194337, 127.86362533569336, 108.4024871826172, 99.98915596008301, 93.61713104248047, 90.45702743530273, 83.5811882019043, 73.62739143371581, 67.8038480758667, 60.7115982055664, 55.74683437347412, 54.41299705505371, 51.478796577453615, 47.54600849151611, 45.89546642303467, 44.80453968048096, 41.29844150543213, 39.72982978820801, 41.3006929397583, 38.62793731689453, 37.36943321228027, 35.778014755249025, 34.98895921707153], "diff": [2.004881013277918, 1.6403264008462428, 1.6169087309390306, 1.1166734961792826, 1.21968330219388, 2.5980528101325033, 1.2141027001664042, 0.8532492928206921, 2.5201966393738986, 1.4837229527533053, 0.9054440394043922, 1.550269872508943, 1.6017000555992127, 1.4056417658925056, 1.364063660055399, 1.6072006538510322, 0.8940190024673939, 0.8346402332186699, 1.7645914830267428, 1.2522510869428516, 1.0525089021772147, 0.9880034908652305, 1.1370934467762708], "prior": [0.00011573602278076578, 0.0004852922458667308, 0.0006397296616341919, 0.0006861491216113791, 0.0007900033029727638, 0.0008069684845395386, 0.00100451999460347, 0.0014816382608842105, 0.0017873652745038272, 0.002013895375421271, 0.0021865204791538416, 0.0023712844820693137, 0.0024561303318478165, 0.002598009386565536, 0.0027593660168349745, 0.002859784883912653, 0.0030351911787874996, 0.0031793947331607343, 0.0032238109270110726, 0.003292274475097656, 0.0034550939220935107, 0.003550058777909726, 0.003628869482781738], "rec": [169.2557144165039, 126.22329940795899, 106.78557739257812, 98.8724796295166, 92.39744415283204, 87.85897560119629, 82.36708488464356, 72.77414283752441, 65.28365287780761, 59.22787284851074, 54.84138984680176, 52.86272487640381, 49.877095222473145, 46.14035987854004, 44.53140068054199, 43.19733924865723, 40.40442085266113, 38.89518566131592, 39.53609790802002, 37.375680923461914, 36.316920852661134, 34.7900071144104, 33.85186080932617], "lr": [0.0003, 0.0003, 0.0003, 0.0003, 0.0003, 0.0003, 0.0003, 0.0003, 0.0003, 0.0003, 0.0003, 0.0003, 0.0003, 0.0003, 0.0003, 0.0003, 0.0003, 0.0003, 0.0003, 0.0003, 0.0003, 0.0003, 0.0003]}