{"steps": [0.43478260869565216, 0.8695652173913043], "total": [5.495359766483307, 2.5114455848932264], "diff": [5.495359766483307, 2.5114455848932264], "prior": [1.3742968849328464e-05, 2.7492636672832304e-05], "rec": [6.018776330165565e-05, 0.0], "lr": [8e-05, 0.00016]}