{"steps": [0.43478260869565216, 0.8695652173913043, 1.3043478260869565, 1.7391304347826086], "total": [5.576098644733429, 4.060164666175842, 2.9988662362098695, 2.7917015075683596], "diff": [5.5760981917381285, 4.060163080692291, 2.9988659501075743, 2.7917012512683868], "prior": [0.0029119846469257025, 0.004807179514318705, 0.0025245303520932795, 0.003652254038024694], "rec": [4.712857771664858e-05, 5.9934321325272324e-05, 1.5108310617506503e-05, 2.963902661576867e-05], "lr": [4e-05, 8e-05, 0.00012, 0.00016]}