{
  "vae": {
    "fid": 5.539096876540269,
    "sample_time": 0.9117732048034668,
    "digit_distribution_generated": [
      0.079,
      0.077,
      0.1102,
      0.0972,
      0.1156,
      0.1168,
      0.0908,
      0.1074,
      0.1054,
      0.1006
    ],
    "digit_distribution_real": [
      0.098,
      0.1156,
      0.1042,
      0.1048,
      0.0946,
      0.084,
      0.0964,
      0.1004,
      0.1008,
      0.1012
    ]
  },
  "ddpm": {
    "fid": 5.2813242288962385,
    "sample_time": 630.3596019744873,
    "digit_distribution_generated": [
      0.1112,
      0.15,
      0.0976,
      0.1264,
      0.0712,
      0.0868,
      0.095,
      0.1256,
      0.0758,
      0.0604
    ],
    "digit_distribution_real": [
      0.098,
      0.1156,
      0.1042,
      0.1048,
      0.0946,
      0.084,
      0.0964,
      0.1004,
      0.1008,
      0.1012
    ]
  },
  "ndm": {
    "fid": 0.4216557720551296,
    "sample_time": 1330.728835105896,
    "digit_distribution_generated": [
      0.0998,
      0.1146,
      0.094,
      0.0996,
      0.091,
      0.0938,
      0.1126,
      0.1064,
      0.088,
      0.1002
    ],
    "digit_distribution_real": [
      0.098,
      0.1156,
      0.1042,
      0.1048,
      0.0946,
      0.084,
      0.0964,
      0.1004,
      0.1008,
      0.1012
    ]
  }
}