{"steps": [0.17094017094017094, 0.3418803418803419, 0.5128205128205128, 0.6837606837606838, 0.8547008547008547, 1.0256410256410255, 1.1965811965811965, 1.3675213675213675, 1.5384615384615385, 1.7094017094017093, 1.8803418803418803, 2.051282051282051, 2.2222222222222223, 2.393162393162393, 2.5641025641025643, 2.735042735042735, 2.905982905982906, 3.076923076923077, 3.247863247863248, 3.4188034188034186, 3.58974358974359, 3.7606837606837606, 3.9316239316239314, 4.102564102564102, 4.273504273504273, 4.444444444444445, 4.615384615384615, 4.786324786324786, 4.957264957264957, 5.128205128205129, 5.299145299145299, 5.47008547008547, 5.641025641025641, 5.811965811965812, 5.982905982905983, 6.153846153846154, 6.3247863247863245, 6.495726495726496, 6.666666666666667, 6.837606837606837, 7.0085470085470085, 7.17948717948718, 7.35042735042735, 7.521367521367521, 7.6923076923076925, 7.863247863247863, 8.034188034188034, 8.205128205128204, 8.376068376068377, 8.547008547008547, 8.717948717948717, 8.88888888888889, 9.05982905982906, 9.23076923076923, 9.401709401709402, 9.572649572649572, 9.743589743589743, 9.914529914529915], "total": [288.9583686828613, 228.042569732666, 226.83748321533204, 217.53440322875977, 212.6438430786133, 209.28799591064453, 209.59574279785156, 207.8802619934082, 208.16510543823242, 205.56820373535157, 203.96958694458007, 202.51555938720702, 200.84667892456054, 198.85069580078124, 199.07548599243165, 195.80106506347656, 194.91263427734376, 193.23676071166992, 193.0360191345215, 191.4567398071289, 190.75313262939454, 190.4438217163086, 188.08383712768554, 186.34398880004883, 183.24191818237304, 183.09081115722657, 183.0870491027832, 181.03312759399415, 178.6116600036621, 174.58142623901367, 174.3665687561035, 171.54424819946288, 170.25096054077147, 170.10625457763672, 165.97737045288085, 166.25905151367186, 165.2586570739746, 162.73493347167968, 160.97564010620118, 160.10921478271484, 158.65262832641602, 159.61071319580077, 156.5631530761719, 156.29915084838868, 156.08726119995117, 155.4522735595703, 155.62252502441407, 153.60101699829102, 153.8664352416992, 151.9363868713379, 152.1943786621094, 152.26912002563478, 151.51300888061525, 151.18515243530274, 150.88418350219726, 150.17399673461915, 151.11096725463867, 148.6861473083496], "diff": [0.0, 0.0, 0.0, 0.0, 0.0, 0.0, 0.0, 0.0, 0.0, 0.0, 0.0, 0.0, 0.0, 0.0, 0.0, 0.0, 0.0, 0.0, 0.0, 0.0, 0.0, 0.0, 0.0, 0.0, 0.0, 0.0, 0.0, 0.0, 0.0, 0.0, 0.0, 0.0, 0.0, 0.0, 0.0, 0.0, 0.0, 0.0, 0.0, 0.0, 0.0, 0.0, 0.0, 0.0, 0.0, 0.0, 0.0, 0.0, 0.0, 0.0, 0.0, 0.0, 0.0, 0.0, 0.0, 0.0, 0.0, 0.0], "prior": [0.4048154316842556, 0.7172444000840187, 0.786946551501751, 1.064098244905472, 1.8556678235530852, 2.390571492910385, 2.266521918773651, 2.7210970282554627, 2.571041476726532, 3.045121967792511, 3.192615294456482, 4.00723249912262, 4.7870805025100704, 4.878183829784393, 4.959409308433533, 5.687074494361878, 5.738636016845703, 5.3798912525177, 5.6200117588043215, 6.020455336570739, 5.8148516654968265, 6.18459529876709, 6.231243228912353, 6.606479787826538, 6.552216029167175, 7.065796160697937, 6.865760421752929, 6.989559078216553, 7.574488234519959, 8.244668745994568, 8.413875818252563, 8.570660257339478, 8.75022394657135, 9.166567087173462, 9.050492143630981, 9.159169769287109, 9.092863178253173, 8.76897668838501, 8.88653917312622, 8.89353380203247, 8.815764617919921, 8.841314363479615, 8.784874629974365, 8.869405031204224, 8.77933759689331, 8.749276924133301, 8.590367650985717, 8.902989673614503, 8.770834064483642, 8.885208702087402, 8.794189882278442, 8.855025482177734, 8.895816040039062, 8.921614742279052, 8.874940586090087, 8.963365840911866, 9.02116355895996, 8.96755075454712], "rec": [288.5535552978516, 227.32532501220703, 226.0505386352539, 216.47030487060547, 210.78817596435547, 206.89742584228514, 207.3292221069336, 205.15916595458984, 205.59406433105468, 202.5230827331543, 200.77697219848633, 198.50832595825196, 196.05959930419922, 193.9725112915039, 194.11607666015624, 190.1139907836914, 189.17399978637695, 187.85686874389648, 187.41600646972657, 185.43628311157227, 184.9382797241211, 184.25922698974608, 181.85259323120118, 179.73750991821288, 176.68970108032227, 176.0250144958496, 176.2212890625, 174.04356842041017, 171.03717117309571, 166.336759185791, 165.95269317626952, 162.9735885620117, 161.5007354736328, 160.9396858215332, 156.92687759399413, 157.09988403320312, 156.1657928466797, 153.96595764160156, 152.08910217285157, 151.21568069458007, 149.83686218261718, 150.7693977355957, 147.77827987670898, 147.42974700927735, 147.30792388916015, 146.70299606323243, 147.03215637207032, 144.69802551269532, 145.0956008911133, 143.05117797851562, 143.40018844604492, 143.4140953063965, 142.61719360351563, 142.26353759765624, 142.0092445373535, 141.21063308715821, 142.08980255126954, 139.71859588623047], "lr": [0.001, 0.001, 0.001, 0.001, 0.001, 0.001, 0.001, 0.001, 0.001, 0.001, 0.001, 0.001, 0.001, 0.001, 0.001, 0.001, 0.001, 0.001, 0.001, 0.001, 0.001, 0.001, 0.001, 0.001, 0.001, 0.001, 0.001, 0.001, 0.001, 0.001, 0.001, 0.001, 0.001, 0.001, 0.001, 0.001, 0.001, 0.001, 0.001, 0.001, 0.001, 0.001, 0.001, 0.001, 0.001, 0.001, 0.001, 0.001, 0.001, 0.001, 0.001, 0.001, 0.001, 0.001, 0.001, 0.001, 0.001, 0.001]}